{
    "loss": 1.653544306755066,
    "accuracy": 0.7241379022598267
}